{
  "Author": "Kirin",
  "Name": "SpamrollGiveaway",
  "InternalName": "SpamrollGiveaway",
  "AssemblyVersion": "2.2.0.0",
  "Description": "A FFXIV plugin for hosting giveaways where the host sets winning numbers and players use /random until someone hits the target numbers.",
  "ApplicableVersion": "any",
  "Tags": [
    "giveaway",
    "random",
    "contest",
    "ffxiv"
  ],
  "DalamudApiLevel": 13,
  "LoadRequiredState": 0,
  "LoadSync": false,
  "CanUnloadAsync": false,
  "LoadPriority": 0,
  "Punchline": "Random number giveaway system where players type /random to win.",
  "AcceptsFeedback": true
}